dataset,unseen_idx,unseen_names,nclass,pre_OA_mean,pre_OA_std,pre_AA_mean,pre_AA_std,pre_Kappa_mean,pre_Kappa_std,OA_mean,OA_std,AA_mean,AA_std,Kappa_mean,Kappa_std,S_OA_mean,S_OA_std,U_OA_mean,U_OA_std,H_OA_mean,H_OA_std,S_AA_mean,S_AA_std,U_AA_mean,U_AA_std,H_AA_mean,H_AA_std,avg_train_time,avg_test_time
Houston,1;2,healthy grass;stressed grass,15,0.540014,0.000000,0.494558,0.000000,0.500453,0.000000,0.444499,0.000000,0.462956,0.000000,0.397284,0.000000,0.517702,0.000000,0.078604,0.000000,0.136486,0.000000,0.522103,0.000000,0.078505,0.000000,0.136488,0.000000,325.97,0.41
Houston,1;3,healthy grass;synthetic grass,15,0.570217,0.000000,0.492877,0.000000,0.532343,0.000000,0.462509,0.000000,0.462884,0.000000,0.416236,0.000000,0.531401,0.000000,0.000000,0.000000,0.000000,0.000000,0.534097,0.000000,0.000000,0.000000,0.000000,0.000000,325.14,0.41
Houston,1;4,healthy grass;trees,15,0.482060,0.000000,0.419026,0.000000,0.437290,0.000000,0.457603,0.000000,0.473774,0.000000,0.411479,0.000000,0.548693,0.000000,0.000000,0.000000,0.000000,0.000000,0.546662,0.000000,0.000000,0.000000,0.000000,0.000000,325.27,0.41
Houston,1;5,healthy grass;soil,15,0.482270,0.000000,0.445019,0.000000,0.440107,0.000000,0.567765,0.000000,0.594997,0.000000,0.531718,0.000000,0.680669,0.000000,0.000000,0.000000,0.000000,0.000000,0.686535,0.000000,0.000000,0.000000,0.000000,0.000000,325.16,0.40
Houston,1;6,healthy grass;water,15,0.546041,0.000000,0.478892,0.000000,0.506923,0.000000,0.537141,0.000000,0.533658,0.000000,0.497885,0.000000,0.600047,0.000000,0.000000,0.000000,0.000000,0.000000,0.615759,0.000000,0.000000,0.000000,0.000000,0.000000,324.96,0.40
Houston,1;7,healthy grass;residential buildings,15,0.511423,0.000000,0.467221,0.000000,0.470061,0.000000,0.447022,0.000000,0.464593,0.000000,0.399994,0.000000,0.537043,0.000000,0.000000,0.000000,0.000000,0.000000,0.536069,0.000000,0.000000,0.000000,0.000000,0.000000,325.01,0.40
Houston,1;8,healthy grass;commercial buildings,15,0.579327,0.000000,0.538577,0.000000,0.543963,0.000000,0.527540,0.000000,0.559021,0.000000,0.488026,0.000000,0.583228,0.000000,0.247784,0.000000,0.347804,0.000000,0.606791,0.000000,0.248518,0.000000,0.352618,0.000000,325.09,0.41
Houston,1;9,healthy grass;road,15,0.501892,0.000000,0.450354,0.000000,0.459765,0.000000,0.496987,0.000000,0.533019,0.000000,0.454859,0.000000,0.596317,0.000000,0.000000,0.000000,0.000000,0.000000,0.615022,0.000000,0.000000,0.000000,0.000000,0.000000,325.02,0.42
Houston,1;10,healthy grass;highway,15,0.602032,0.000000,0.582773,0.000000,0.569290,0.000000,0.487526,0.000000,0.509153,0.000000,0.444198,0.000000,0.518755,0.000000,0.329367,0.000000,0.402915,0.000000,0.536313,0.000000,0.332618,0.000000,0.410590,0.000000,324.88,0.40
Houston,1;11,healthy grass;railway,15,0.555501,0.000000,0.508040,0.000000,0.517683,0.000000,0.429222,0.000000,0.453613,0.000000,0.380772,0.000000,0.514317,0.000000,0.000000,0.000000,0.000000,0.000000,0.523399,0.000000,0.000000,0.000000,0.000000,0.000000,289.32,0.41
Houston,1;12,healthy grass;the first kind of parking lot,15,0.580589,0.000000,0.529559,0.000000,0.545054,0.000000,0.478276,0.000000,0.513219,0.000000,0.434491,0.000000,0.573000,0.000000,0.000000,0.000000,0.000000,0.000000,0.592176,0.000000,0.000000,0.000000,0.000000,0.000000,325.17,0.40
Houston,1;13,healthy grass;the second kind of parking lot,15,0.544359,0.000000,0.473705,0.000000,0.504535,0.000000,0.618921,0.000000,0.625279,0.000000,0.586938,0.000000,0.698900,0.000000,0.000000,0.000000,0.000000,0.000000,0.721476,0.000000,0.000000,0.000000,0.000000,0.000000,325.34,0.41
Houston,1;14,healthy grass;tennis court,15,0.559495,0.000000,0.489508,0.000000,0.521046,0.000000,0.544919,0.000000,0.529172,0.000000,0.506010,0.000000,0.613443,0.000000,0.000000,0.000000,0.000000,0.000000,0.610583,0.000000,0.000000,0.000000,0.000000,0.000000,325.14,0.42
Houston,1;15,healthy grass;running track,15,0.570498,0.000000,0.483364,0.000000,0.532784,0.000000,0.482971,0.000000,0.487662,0.000000,0.438707,0.000000,0.553352,0.000000,0.000000,0.000000,0.000000,0.000000,0.562687,0.000000,0.000000,0.000000,0.000000,0.000000,323.76,0.41
Houston,2;3,stressed grass;synthetic grass,15,0.618921,0.000000,0.569793,0.000000,0.586123,0.000000,0.511212,0.000000,0.513185,0.000000,0.469328,0.000000,0.572441,0.000000,0.100917,0.000000,0.171586,0.000000,0.580059,0.000000,0.078505,0.000000,0.138294,0.000000,323.04,0.40
Houston,2;4,stressed grass;trees,15,0.498598,0.000000,0.447344,0.000000,0.455749,0.000000,0.493973,0.000000,0.507894,0.000000,0.451080,0.000000,0.576736,0.000000,0.078836,0.000000,0.138712,0.000000,0.573954,0.000000,0.078505,0.000000,0.138119,0.000000,322.91,0.40
Houston,2;5,stressed grass;soil,15,0.497687,0.000000,0.451046,0.000000,0.455815,0.000000,0.566013,0.000000,0.596482,0.000000,0.529783,0.000000,0.663025,0.000000,0.078903,0.000000,0.141023,0.000000,0.676171,0.000000,0.078505,0.000000,0.140678,0.000000,323.04,0.40
Houston,2;6,stressed grass;water,15,0.515487,0.000000,0.441139,0.000000,0.473230,0.000000,0.560687,0.000000,0.553653,0.000000,0.523461,0.000000,0.611855,0.000000,0.124750,0.000000,0.207245,0.000000,0.626752,0.000000,0.078505,0.000000,0.139533,0.000000,322.89,0.41
Houston,2;7,stressed grass;residential buildings,15,0.497197,0.000000,0.417784,0.000000,0.452563,0.000000,0.571619,0.000000,0.598712,0.000000,0.535867,0.000000,0.671158,0.000000,0.078079,0.000000,0.139885,0.000000,0.678743,0.000000,0.078505,0.000000,0.140733,0.000000,322.80,0.40
Houston,2;8,stressed grass;commercial buildings,15,0.543728,0.000000,0.513562,0.000000,0.505707,0.000000,0.460196,0.000000,0.463576,0.000000,0.414018,0.000000,0.486889,0.000000,0.326307,0.000000,0.390743,0.000000,0.484584,0.000000,0.327024,0.000000,0.390510,0.000000,312.78,0.42
Houston,2;9,stressed grass;road,15,0.526279,0.000000,0.511556,0.000000,0.486891,0.000000,0.466083,0.000000,0.482865,0.000000,0.420732,0.000000,0.543650,0.000000,0.078571,0.000000,0.137300,0.000000,0.545075,0.000000,0.078505,0.000000,0.137244,0.000000,322.02,0.41
Houston,2;10,stressed grass;highway,15,0.589488,0.000000,0.518773,0.000000,0.553917,0.000000,0.619061,0.000000,0.649994,0.000000,0.587497,0.000000,0.660735,0.000000,0.408319,0.000000,0.504728,0.000000,0.686743,0.000000,0.411123,0.000000,0.514336,0.000000,323.46,0.41
Houston,2;11,stressed grass;railway,15,0.583602,0.000000,0.506652,0.000000,0.547606,0.000000,0.513735,0.000000,0.543931,0.000000,0.472931,0.000000,0.600034,0.000000,0.079103,0.000000,0.139779,0.000000,0.615535,0.000000,0.078505,0.000000,0.139251,0.000000,323.81,0.41
Houston,2;12,stressed grass;the first kind of parking lot,15,0.591240,0.000000,0.566317,0.000000,0.557103,0.000000,0.481500,0.000000,0.503101,0.000000,0.437633,0.000000,0.561303,0.000000,0.079170,0.000000,0.138768,0.000000,0.568423,0.000000,0.078505,0.000000,0.137957,0.000000,323.10,0.40
Houston,2;13,stressed grass;the second kind of parking lot,15,0.624177,0.000000,0.554491,0.000000,0.592348,0.000000,0.562299,0.000000,0.563416,0.000000,0.525214,0.000000,0.620310,0.000000,0.114303,0.000000,0.193036,0.000000,0.638017,0.000000,0.078505,0.000000,0.139808,0.000000,322.99,0.42
Houston,2;14,stressed grass;tennis court,15,0.541345,0.000000,0.481292,0.000000,0.502335,0.000000,0.546251,0.000000,0.531022,0.000000,0.507456,0.000000,0.600331,0.000000,0.117095,0.000000,0.195966,0.000000,0.600640,0.000000,0.078505,0.000000,0.138861,0.000000,323.11,0.41
Houston,2;15,stressed grass;running track,15,0.563700,0.000000,0.486121,0.000000,0.525470,0.000000,0.650946,0.000000,0.649925,0.000000,0.621518,0.000000,0.730967,0.000000,0.102860,0.000000,0.180343,0.000000,0.737835,0.000000,0.078505,0.000000,0.141912,0.000000,322.69,0.39
Houston,3;4,synthetic grass;trees,15,0.496776,0.000000,0.429410,0.000000,0.452437,0.000000,0.513245,0.000000,0.511787,0.000000,0.471467,0.000000,0.589362,0.000000,0.000000,0.000000,0.000000,0.000000,0.590524,0.000000,0.000000,0.000000,0.000000,0.000000,321.80,0.40
Houston,3;5,synthetic grass;soil,15,0.460897,0.000000,0.395831,0.000000,0.413885,0.000000,0.515557,0.000000,0.513077,0.000000,0.474073,0.000000,0.591922,0.000000,0.000000,0.000000,0.000000,0.000000,0.592012,0.000000,0.000000,0.000000,0.000000,0.000000,321.62,0.41
Houston,3;6,synthetic grass;water,15,0.563350,0.000000,0.468719,0.000000,0.524411,0.000000,0.528031,0.000000,0.501093,0.000000,0.487201,0.000000,0.566541,0.000000,0.000000,0.000000,0.000000,0.000000,0.578185,0.000000,0.000000,0.000000,0.000000,0.000000,327.55,0.40
Houston,3;7,synthetic grass;residential buildings,15,0.561317,0.000000,0.489685,0.000000,0.522789,0.000000,0.503434,0.000000,0.505712,0.000000,0.460858,0.000000,0.579168,0.000000,0.000000,0.000000,0.000000,0.000000,0.583513,0.000000,0.000000,0.000000,0.000000,0.000000,324.05,0.41
Houston,3;8,synthetic grass;commercial buildings,15,0.589979,0.000000,0.506211,0.000000,0.554027,0.000000,0.558725,0.000000,0.558128,0.000000,0.521011,0.000000,0.594351,0.000000,0.318502,0.000000,0.414748,0.000000,0.605761,0.000000,0.248518,0.000000,0.352444,0.000000,324.05,0.43
Houston,3;9,synthetic grass;road,15,0.621514,0.000000,0.566496,0.000000,0.589077,0.000000,0.505046,0.000000,0.504273,0.000000,0.462579,0.000000,0.580320,0.000000,0.000000,0.000000,0.000000,0.000000,0.581854,0.000000,0.000000,0.000000,0.000000,0.000000,324.02,0.41
Houston,3;10,synthetic grass;highway,15,0.608830,0.000000,0.519639,0.000000,0.574412,0.000000,0.511983,0.000000,0.511725,0.000000,0.470106,0.000000,0.524873,0.000000,0.424193,0.000000,0.469193,0.000000,0.539280,0.000000,0.332618,0.000000,0.411457,0.000000,324.11,0.40
Houston,3;11,synthetic grass;railway,15,0.541906,0.000000,0.440562,0.000000,0.500754,0.000000,0.531605,0.000000,0.534814,0.000000,0.491557,0.000000,0.610052,0.000000,0.000000,0.000000,0.000000,0.000000,0.617093,0.000000,0.000000,0.000000,0.000000,0.000000,324.06,0.40
Houston,3;12,synthetic grass;the first kind of parking lot,15,0.592852,0.000000,0.517987,0.000000,0.557425,0.000000,0.469026,0.000000,0.472756,0.000000,0.423345,0.000000,0.538152,0.000000,0.000000,0.000000,0.000000,0.000000,0.545488,0.000000,0.000000,0.000000,0.000000,0.000000,324.00,0.41
Houston,3;13,synthetic grass;the second kind of parking lot,15,0.512964,0.000000,0.416832,0.000000,0.469125,0.000000,0.508900,0.000000,0.498725,0.000000,0.466455,0.000000,0.551698,0.000000,0.000000,0.000000,0.000000,0.000000,0.575451,0.000000,0.000000,0.000000,0.000000,0.000000,324.02,0.41
Houston,3;14,synthetic grass;tennis court,15,0.596076,0.000000,0.507376,0.000000,0.560517,0.000000,0.509320,0.000000,0.472706,0.000000,0.466455,0.000000,0.550523,0.000000,0.000000,0.000000,0.000000,0.000000,0.545430,0.000000,0.000000,0.000000,0.000000,0.000000,325.76,0.40
Houston,3;15,synthetic grass;running track,15,0.534478,0.000000,0.429317,0.000000,0.492413,0.000000,0.525088,0.000000,0.508266,0.000000,0.483874,0.000000,0.577228,0.000000,0.000000,0.000000,0.000000,0.000000,0.586461,0.000000,0.000000,0.000000,0.000000,0.000000,324.75,0.41
Houston,4;5,trees;soil,15,0.490119,0.000000,0.439545,0.000000,0.447206,0.000000,0.516819,0.000000,0.543871,0.000000,0.476222,0.000000,0.619228,0.000000,0.000000,0.000000,0.000000,0.000000,0.627543,0.000000,0.000000,0.000000,0.000000,0.000000,324.94,0.41
Houston,4;6,trees;water,15,0.588157,0.000000,0.524125,0.000000,0.552457,0.000000,0.509320,0.000000,0.500096,0.000000,0.467411,0.000000,0.568657,0.000000,0.000000,0.000000,0.000000,0.000000,0.577034,0.000000,0.000000,0.000000,0.000000,0.000000,325.07,0.41
Houston,4;7,trees;residential buildings,15,0.508059,0.000000,0.479544,0.000000,0.467319,0.000000,0.511633,0.000000,0.541148,0.000000,0.470576,0.000000,0.614304,0.000000,0.000000,0.000000,0.000000,0.000000,0.624401,0.000000,0.000000,0.000000,0.000000,0.000000,325.09,0.41
Houston,4;8,trees;commercial buildings,15,0.542186,0.000000,0.499011,0.000000,0.503724,0.000000,0.462649,0.000000,0.469758,0.000000,0.416728,0.000000,0.505123,0.000000,0.248518,0.000000,0.333135,0.000000,0.503794,0.000000,0.248518,0.000000,0.332846,0.000000,325.18,0.41
Houston,4;9,trees;road,15,0.483322,0.000000,0.425624,0.000000,0.438965,0.000000,0.529292,0.000000,0.557378,0.000000,0.489772,0.000000,0.634706,0.000000,0.000000,0.000000,0.000000,0.000000,0.643128,0.000000,0.000000,0.000000,0.000000,0.000000,325.12,0.41
Houston,4;10,trees;highway,15,0.611983,0.000000,0.574303,0.000000,0.579358,0.000000,0.544219,0.000000,0.561963,0.000000,0.505841,0.000000,0.586297,0.000000,0.330350,0.000000,0.422590,0.000000,0.597247,0.000000,0.332618,0.000000,0.427277,0.000000,325.00,0.41
Houston,4;11,trees;railway,15,0.600000,0.000000,0.573448,0.000000,0.566675,0.000000,0.489839,0.000000,0.509209,0.000000,0.446703,0.000000,0.586606,0.000000,0.000000,0.000000,0.000000,0.000000,0.587549,0.000000,0.000000,0.000000,0.000000,0.000000,325.19,0.40
Houston,4;12,trees;the first kind of parking lot,15,0.520953,0.000000,0.457810,0.000000,0.479515,0.000000,0.496917,0.000000,0.524057,0.000000,0.454514,0.000000,0.594982,0.000000,0.000000,0.000000,0.000000,0.000000,0.604681,0.000000,0.000000,0.000000,0.000000,0.000000,325.08,0.40
Houston,4;13,trees;the second kind of parking lot,15,0.562649,0.000000,0.498172,0.000000,0.525282,0.000000,0.577155,0.000000,0.579332,0.000000,0.541410,0.000000,0.651376,0.000000,0.000000,0.000000,0.000000,0.000000,0.668460,0.000000,0.000000,0.000000,0.000000,0.000000,325.27,0.40
Houston,4;14,trees;tennis court,15,0.605396,0.000000,0.534617,0.000000,0.571703,0.000000,0.627540,0.000000,0.615105,0.000000,0.595997,0.000000,0.706063,0.000000,0.000000,0.000000,0.000000,0.000000,0.709736,0.000000,0.000000,0.000000,0.000000,0.000000,325.25,0.40
Houston,4;15,trees;running track,15,0.511913,0.000000,0.439378,0.000000,0.468844,0.000000,0.519061,0.000000,0.519362,0.000000,0.477937,0.000000,0.594367,0.000000,0.000000,0.000000,0.000000,0.000000,0.599264,0.000000,0.000000,0.000000,0.000000,0.000000,323.21,0.41
Houston,5;6,soil;water,15,0.553819,0.000000,0.500580,0.000000,0.517676,0.000000,0.549685,0.000000,0.550027,0.000000,0.511641,0.000000,0.613627,0.000000,0.000000,0.000000,0.000000,0.000000,0.634646,0.000000,0.000000,0.000000,0.000000,0.000000,323.15,0.41
Houston,5;7,soil;residential buildings,15,0.512404,0.000000,0.468275,0.000000,0.471134,0.000000,0.498388,0.000000,0.529576,0.000000,0.456262,0.000000,0.598301,0.000000,0.000000,0.000000,0.000000,0.000000,0.611049,0.000000,0.000000,0.000000,0.000000,0.000000,322.98,0.41
Houston,5;8,soil;commercial buildings,15,0.536370,0.000000,0.483943,0.000000,0.497396,0.000000,0.436720,0.000000,0.453572,0.000000,0.388691,0.000000,0.473971,0.000000,0.248729,0.000000,0.326250,0.000000,0.485118,0.000000,0.248518,0.000000,0.328666,0.000000,323.03,0.41
Houston,5;9,soil;road,15,0.475193,0.000000,0.446592,0.000000,0.433772,0.000000,0.509951,0.000000,0.542494,0.000000,0.468865,0.000000,0.611410,0.000000,0.000000,0.000000,0.000000,0.000000,0.625955,0.000000,0.000000,0.000000,0.000000,0.000000,322.98,0.41
Houston,5;10,soil;highway,15,0.506447,0.000000,0.456397,0.000000,0.464279,0.000000,0.522985,0.000000,0.550075,0.000000,0.482920,0.000000,0.560792,0.000000,0.330631,0.000000,0.415998,0.000000,0.583529,0.000000,0.332618,0.000000,0.423714,0.000000,322.33,0.40
Houston,5;11,soil;railway,15,0.519552,0.000000,0.488184,0.000000,0.480981,0.000000,0.549544,0.000000,0.585572,0.000000,0.512017,0.000000,0.657996,0.000000,0.000000,0.000000,0.000000,0.000000,0.675660,0.000000,0.000000,0.000000,0.000000,0.000000,321.80,0.40
Houston,5;12,soil;the first kind of parking lot,15,0.577225,0.000000,0.534530,0.000000,0.542547,0.000000,0.443798,0.000000,0.473528,0.000000,0.396776,0.000000,0.531292,0.000000,0.000000,0.000000,0.000000,0.000000,0.546378,0.000000,0.000000,0.000000,0.000000,0.000000,321.77,0.40
Houston,5;13,soil;the second kind of parking lot,15,0.595305,0.000000,0.531620,0.000000,0.562164,0.000000,0.516819,0.000000,0.514895,0.000000,0.475607,0.000000,0.583188,0.000000,0.000000,0.000000,0.000000,0.000000,0.594109,0.000000,0.000000,0.000000,0.000000,0.000000,321.87,0.40
Houston,5;14,soil;tennis court,15,0.550315,0.000000,0.489126,0.000000,0.512561,0.000000,0.503574,0.000000,0.491767,0.000000,0.461022,0.000000,0.566496,0.000000,0.000000,0.000000,0.000000,0.000000,0.567424,0.000000,0.000000,0.000000,0.000000,0.000000,321.85,0.42
Houston,5;15,soil;running track,15,0.526769,0.000000,0.452313,0.000000,0.485485,0.000000,0.459285,0.000000,0.471897,0.000000,0.413045,0.000000,0.525834,0.000000,0.000000,0.000000,0.000000,0.000000,0.544497,0.000000,0.000000,0.000000,0.000000,0.000000,321.76,0.40
Houston,6;7,water;residential buildings,15,0.525298,0.000000,0.473237,0.000000,0.485625,0.000000,0.487036,0.000000,0.483619,0.000000,0.443291,0.000000,0.544756,0.000000,0.000000,0.000000,0.000000,0.000000,0.558022,0.000000,0.000000,0.000000,0.000000,0.000000,322.04,0.40
Houston,6;8,water;commercial buildings,15,0.583392,0.000000,0.520768,0.000000,0.548283,0.000000,0.625648,0.000000,0.614394,0.000000,0.594087,0.000000,0.652609,0.000000,0.394224,0.000000,0.491529,0.000000,0.670683,0.000000,0.248518,0.000000,0.362656,0.000000,321.82,0.41
Houston,6;9,water;road,15,0.594884,0.000000,0.524197,0.000000,0.560430,0.000000,0.477295,0.000000,0.475600,0.000000,0.432695,0.000000,0.533234,0.000000,0.000000,0.000000,0.000000,0.000000,0.548769,0.000000,0.000000,0.000000,0.000000,0.000000,321.33,0.40
Houston,6;10,water;highway,15,0.636510,0.000000,0.564702,0.000000,0.605724,0.000000,0.566223,0.000000,0.555771,0.000000,0.529404,0.000000,0.570837,0.000000,0.526137,0.000000,0.547576,0.000000,0.590102,0.000000,0.332618,0.000000,0.425435,0.000000,321.82,0.40
Houston,6;11,water;railway,15,0.650105,0.000000,0.566403,0.000000,0.619881,0.000000,0.525158,0.000000,0.521716,0.000000,0.484817,0.000000,0.585972,0.000000,0.000000,0.000000,0.000000,0.000000,0.601980,0.000000,0.000000,0.000000,0.000000,0.000000,321.79,0.41
Houston,6;12,water;the first kind of parking lot,15,0.605676,0.000000,0.545891,0.000000,0.572073,0.000000,0.599229,0.000000,0.593659,0.000000,0.565452,0.000000,0.668517,0.000000,0.000000,0.000000,0.000000,0.000000,0.684992,0.000000,0.000000,0.000000,0.000000,0.000000,321.78,0.41
Houston,6;13,water;the second kind of parking lot,15,0.592782,0.000000,0.518122,0.000000,0.557269,0.000000,0.571619,0.000000,0.542370,0.000000,0.534918,0.000000,0.603462,0.000000,0.000000,0.000000,0.000000,0.000000,0.625812,0.000000,0.000000,0.000000,0.000000,0.000000,321.98,0.40
Houston,6;14,water;tennis court,15,0.691731,0.000000,0.607861,0.000000,0.665130,0.000000,0.596776,0.000000,0.544023,0.000000,0.562023,0.000000,0.628209,0.000000,0.000000,0.000000,0.000000,0.000000,0.627719,0.000000,0.000000,0.000000,0.000000,0.000000,321.90,0.40
Houston,6;15,water;running track,15,0.639243,0.000000,0.560207,0.000000,0.608299,0.000000,0.524807,0.000000,0.504284,0.000000,0.483923,0.000000,0.561605,0.000000,0.000000,0.000000,0.000000,0.000000,0.581866,0.000000,0.000000,0.000000,0.000000,0.000000,321.78,0.40
Houston,7;8,residential buildings;commercial buildings,15,0.539383,0.000000,0.503436,0.000000,0.500020,0.000000,0.625508,0.000000,0.653708,0.000000,0.594507,0.000000,0.701893,0.000000,0.244864,0.000000,0.363067,0.000000,0.716240,0.000000,0.247248,0.000000,0.367600,0.000000,321.83,0.39
Houston,7;9,residential buildings;road,15,0.569026,0.000000,0.590356,0.000000,0.535783,0.000000,0.539033,0.000000,0.559309,0.000000,0.500286,0.000000,0.647638,0.000000,0.000000,0.000000,0.000000,0.000000,0.645357,0.000000,0.000000,0.000000,0.000000,0.000000,321.83,0.41
Houston,7;10,residential buildings;highway,15,0.531395,0.000000,0.504774,0.000000,0.494382,0.000000,0.536720,0.000000,0.558326,0.000000,0.497782,0.000000,0.578439,0.000000,0.327142,0.000000,0.417923,0.000000,0.593051,0.000000,0.332618,0.000000,0.426199,0.000000,321.66,0.40
Houston,7;11,residential buildings;railway,15,0.594464,0.000000,0.536831,0.000000,0.560148,0.000000,0.512824,0.000000,0.547064,0.000000,0.472051,0.000000,0.615320,0.000000,0.000000,0.000000,0.000000,0.000000,0.631228,0.000000,0.000000,0.000000,0.000000,0.000000,321.76,0.41
Houston,7;12,residential buildings;the first kind of parking lot,15,0.538192,0.000000,0.472517,0.000000,0.497865,0.000000,0.450035,0.000000,0.475297,0.000000,0.403467,0.000000,0.539891,0.000000,0.000000,0.000000,0.000000,0.000000,0.548420,0.000000,0.000000,0.000000,0.000000,0.000000,321.91,0.41
Houston,7;13,residential buildings;the second kind of parking lot,15,0.583742,0.000000,0.523433,0.000000,0.548200,0.000000,0.549264,0.000000,0.554513,0.000000,0.511192,0.000000,0.621028,0.000000,0.000000,0.000000,0.000000,0.000000,0.639823,0.000000,0.000000,0.000000,0.000000,0.000000,321.88,0.40
Houston,7;14,residential buildings;tennis court,15,0.507218,0.000000,0.467292,0.000000,0.466023,0.000000,0.499790,0.000000,0.487780,0.000000,0.456886,0.000000,0.563349,0.000000,0.000000,0.000000,0.000000,0.000000,0.562823,0.000000,0.000000,0.000000,0.000000,0.000000,321.91,0.41
Houston,7;15,residential buildings;running track,15,0.549544,0.000000,0.465192,0.000000,0.509895,0.000000,0.510652,0.000000,0.519241,0.000000,0.468941,0.000000,0.585819,0.000000,0.000000,0.000000,0.000000,0.000000,0.599124,0.000000,0.000000,0.000000,0.000000,0.000000,323.51,0.41
Houston,8;9,commercial buildings;road,15,0.500631,0.000000,0.455273,0.000000,0.458211,0.000000,0.571899,0.000000,0.602527,0.000000,0.536243,0.000000,0.636471,0.000000,0.247679,0.000000,0.356592,0.000000,0.656990,0.000000,0.248518,0.000000,0.360624,0.000000,322.99,0.41
Houston,8;10,commercial buildings;highway,15,0.633497,0.000000,0.582655,0.000000,0.603329,0.000000,0.500701,0.000000,0.520541,0.000000,0.458563,0.000000,0.484988,0.000000,0.580563,0.000000,0.528489,0.000000,0.511219,0.000000,0.581136,0.000000,0.543940,0.000000,323.00,0.41
Houston,8;11,commercial buildings;railway,15,0.624807,0.000000,0.560558,0.000000,0.592708,0.000000,0.525438,0.000000,0.549805,0.000000,0.485531,0.000000,0.579977,0.000000,0.249363,0.000000,0.348771,0.000000,0.596157,0.000000,0.248518,0.000000,0.350800,0.000000,322.79,0.40
Houston,8;12,commercial buildings;the first kind of parking lot,15,0.544919,0.000000,0.502313,0.000000,0.506792,0.000000,0.474422,0.000000,0.500584,0.000000,0.430046,0.000000,0.518795,0.000000,0.249575,0.000000,0.337020,0.000000,0.539363,0.000000,0.248518,0.000000,0.340258,0.000000,323.04,0.39
Houston,8;13,commercial buildings;the second kind of parking lot,15,0.641416,0.000000,0.570948,0.000000,0.611222,0.000000,0.538612,0.000000,0.536703,0.000000,0.499337,0.000000,0.561452,0.000000,0.361009,0.000000,0.439453,0.000000,0.581039,0.000000,0.248518,0.000000,0.348134,0.000000,322.90,0.41
Houston,8;14,commercial buildings;tennis court,15,0.640364,0.000000,0.568209,0.000000,0.609654,0.000000,0.536861,0.000000,0.521011,0.000000,0.497207,0.000000,0.557754,0.000000,0.369880,0.000000,0.444792,0.000000,0.562933,0.000000,0.248518,0.000000,0.344812,0.000000,321.89,0.40
Houston,8;15,commercial buildings;running track,15,0.575753,0.000000,0.522736,0.000000,0.539717,0.000000,0.537071,0.000000,0.544001,0.000000,0.497701,0.000000,0.567886,0.000000,0.324668,0.000000,0.413139,0.000000,0.589460,0.000000,0.248518,0.000000,0.349631,0.000000,321.84,0.40
Houston,9;10,road;highway,15,0.562789,0.000000,0.526786,0.000000,0.526266,0.000000,0.533357,0.000000,0.562188,0.000000,0.494279,0.000000,0.573682,0.000000,0.329227,0.000000,0.418362,0.000000,0.597507,0.000000,0.332618,0.000000,0.427344,0.000000,321.67,0.40
Houston,9;11,road;railway,15,0.458795,0.000000,0.384263,0.000000,0.410622,0.000000,0.488087,0.000000,0.522787,0.000000,0.445131,0.000000,0.584901,0.000000,0.000000,0.000000,0.000000,0.000000,0.603216,0.000000,0.000000,0.000000,0.000000,0.000000,321.77,0.40
Houston,9;12,road;the first kind of parking lot,15,0.631955,0.000000,0.607046,0.000000,0.601610,0.000000,0.466994,0.000000,0.501014,0.000000,0.422121,0.000000,0.559530,0.000000,0.000000,0.000000,0.000000,0.000000,0.578093,0.000000,0.000000,0.000000,0.000000,0.000000,321.74,0.40
Houston,9;13,road;the second kind of parking lot,15,0.587526,0.000000,0.560730,0.000000,0.554350,0.000000,0.484443,0.000000,0.490523,0.000000,0.440482,0.000000,0.547088,0.000000,0.000000,0.000000,0.000000,0.000000,0.565988,0.000000,0.000000,0.000000,0.000000,0.000000,321.80,0.40
Houston,9;14,road;tennis court,15,0.595025,0.000000,0.522941,0.000000,0.560188,0.000000,0.522495,0.000000,0.507142,0.000000,0.481532,0.000000,0.588245,0.000000,0.000000,0.000000,0.000000,0.000000,0.585164,0.000000,0.000000,0.000000,0.000000,0.000000,321.65,0.40
Houston,9;15,road;running track,15,0.461037,0.000000,0.384019,0.000000,0.413703,0.000000,0.507989,0.000000,0.520724,0.000000,0.466113,0.000000,0.582062,0.000000,0.000000,0.000000,0.000000,0.000000,0.600836,0.000000,0.000000,0.000000,0.000000,0.000000,321.65,0.40
Houston,10;11,highway;railway,15,0.528101,0.000000,0.459657,0.000000,0.487930,0.000000,0.493413,0.000000,0.508155,0.000000,0.450440,0.000000,0.525142,0.000000,0.331480,0.000000,0.406420,0.000000,0.535160,0.000000,0.332618,0.000000,0.410252,0.000000,321.77,0.40
Houston,10;12,highway;the first kind of parking lot,15,0.619622,0.000000,0.548574,0.000000,0.587561,0.000000,0.507008,0.000000,0.531595,0.000000,0.465471,0.000000,0.541311,0.000000,0.331764,0.000000,0.411390,0.000000,0.562206,0.000000,0.332618,0.000000,0.417959,0.000000,321.68,0.41
Houston,10;13,highway;the second kind of parking lot,15,0.651717,0.000000,0.593838,0.000000,0.622390,0.000000,0.575263,0.000000,0.568307,0.000000,0.539129,0.000000,0.587204,0.000000,0.481366,0.000000,0.529044,0.000000,0.604567,0.000000,0.332618,0.000000,0.429136,0.000000,321.56,0.40
Houston,10;14,highway;tennis court,15,0.651927,0.000000,0.605265,0.000000,0.622940,0.000000,0.597968,0.000000,0.577474,0.000000,0.563681,0.000000,0.610914,0.000000,0.493316,0.000000,0.545853,0.000000,0.615144,0.000000,0.332618,0.000000,0.431771,0.000000,321.54,0.41
Houston,10;15,highway;running track,15,0.639944,0.000000,0.570347,0.000000,0.608944,0.000000,0.550035,0.000000,0.561443,0.000000,0.511833,0.000000,0.566918,0.000000,0.432478,0.000000,0.490655,0.000000,0.596647,0.000000,0.332618,0.000000,0.427124,0.000000,321.68,0.40
Houston,11;12,railway;the first kind of parking lot,15,0.571759,0.000000,0.530485,0.000000,0.536030,0.000000,0.497758,0.000000,0.526842,0.000000,0.455480,0.000000,0.595589,0.000000,0.000000,0.000000,0.000000,0.000000,0.607895,0.000000,0.000000,0.000000,0.000000,0.000000,321.63,0.40
Houston,11;13,railway;the second kind of parking lot,15,0.569516,0.000000,0.505965,0.000000,0.532956,0.000000,0.512544,0.000000,0.519954,0.000000,0.471109,0.000000,0.578090,0.000000,0.000000,0.000000,0.000000,0.000000,0.599947,0.000000,0.000000,0.000000,0.000000,0.000000,321.65,0.40
Houston,11;14,railway;tennis court,15,0.641626,0.000000,0.572320,0.000000,0.611114,0.000000,0.495725,0.000000,0.484558,0.000000,0.452426,0.000000,0.557403,0.000000,0.000000,0.000000,0.000000,0.000000,0.559105,0.000000,0.000000,0.000000,0.000000,0.000000,321.58,0.40
Houston,11;15,railway;running track,15,0.572460,0.000000,0.480384,0.000000,0.534520,0.000000,0.591521,0.000000,0.603644,0.000000,0.557034,0.000000,0.676905,0.000000,0.000000,0.000000,0.000000,0.000000,0.696512,0.000000,0.000000,0.000000,0.000000,0.000000,321.20,0.40
Houston,12;13,the first kind of parking lot;the second kind of parking lot,15,0.571829,0.000000,0.487973,0.000000,0.534858,0.000000,0.499860,0.000000,0.503824,0.000000,0.457225,0.000000,0.563695,0.000000,0.000000,0.000000,0.000000,0.000000,0.581336,0.000000,0.000000,0.000000,0.000000,0.000000,321.24,0.41
Houston,12;14,the first kind of parking lot;tennis court,15,0.620112,0.000000,0.548853,0.000000,0.587208,0.000000,0.523476,0.000000,0.512486,0.000000,0.482712,0.000000,0.588513,0.000000,0.000000,0.000000,0.000000,0.000000,0.591330,0.000000,0.000000,0.000000,0.000000,0.000000,321.10,0.40
Houston,12;15,the first kind of parking lot;running track,15,0.583672,0.000000,0.510456,0.000000,0.547459,0.000000,0.473020,0.000000,0.479356,0.000000,0.427856,0.000000,0.541212,0.000000,0.000000,0.000000,0.000000,0.000000,0.553103,0.000000,0.000000,0.000000,0.000000,0.000000,321.23,0.41
Houston,13;14,the second kind of parking lot;tennis court,15,0.617379,0.000000,0.548098,0.000000,0.584866,0.000000,0.492362,0.000000,0.456740,0.000000,0.448220,0.000000,0.523586,0.000000,0.000000,0.000000,0.000000,0.000000,0.527007,0.000000,0.000000,0.000000,0.000000,0.000000,321.29,0.41
Houston,13;15,the second kind of parking lot;running track,15,0.543588,0.000000,0.456143,0.000000,0.503427,0.000000,0.531745,0.000000,0.515300,0.000000,0.491406,0.000000,0.574936,0.000000,0.000000,0.000000,0.000000,0.000000,0.594577,0.000000,0.000000,0.000000,0.000000,0.000000,321.19,0.40
Houston,14;15,tennis court;running track,15,0.528942,0.000000,0.437903,0.000000,0.486789,0.000000,0.518080,0.000000,0.484856,0.000000,0.476184,0.000000,0.558510,0.000000,0.000000,0.000000,0.000000,0.000000,0.559449,0.000000,0.000000,0.000000,0.000000,0.000000,321.28,0.40
HS-SAR-Berlin,1;2,forest;residential area,8,0.221225,0.000000,0.480849,0.000000,0.159659,0.000000,0.234813,0.000000,0.539456,0.000000,0.197047,0.000000,0.773439,0.000000,0.000000,0.000000,0.000000,0.000000,0.719274,0.000000,0.000000,0.000000,0.000000,0.000000,588.15,0.79
HS-SAR-Berlin,1;3,forest;industrial area,8,0.707015,0.000000,0.354613,0.000000,0.466134,0.000000,0.662743,0.000000,0.501726,0.000000,0.511048,0.000000,0.789329,0.000000,0.000000,0.000000,0.000000,0.000000,0.668968,0.000000,0.000000,0.000000,0.000000,0.000000,588.96,0.78
HS-SAR-Berlin,1;4,forest;low plants,8,0.611995,0.000000,0.243201,0.000000,0.143085,0.000000,0.605885,0.000000,0.482220,0.000000,0.430563,0.000000,0.803394,0.000000,0.000000,0.000000,0.000000,0.000000,0.642960,0.000000,0.000000,0.000000,0.000000,0.000000,588.49,0.79
HS-SAR-Berlin,1;5,forest;soil,8,0.687861,0.000000,0.276192,0.000000,0.411424,0.000000,0.685868,0.000000,0.583896,0.000000,0.545773,0.000000,0.768405,0.000000,0.238525,0.000000,0.364045,0.000000,0.613401,0.000000,0.495379,0.000000,0.548109,0.000000,588.69,0.78
HS-SAR-Berlin,1;6,forest;allotment,8,0.721984,0.000000,0.424529,0.000000,0.504013,0.000000,0.703055,0.000000,0.538507,0.000000,0.563108,0.000000,0.824115,0.000000,0.000000,0.000000,0.000000,0.000000,0.718010,0.000000,0.000000,0.000000,0.000000,0.000000,588.59,0.78
HS-SAR-Berlin,1;7,forest;commercial area,8,0.707824,0.000000,0.371998,0.000000,0.460052,0.000000,0.665108,0.000000,0.479381,0.000000,0.509009,0.000000,0.802967,0.000000,0.000000,0.000000,0.000000,0.000000,0.639174,0.000000,0.000000,0.000000,0.000000,0.000000,588.44,0.79
HS-SAR-Berlin,1;8,forest;water,8,0.714921,0.000000,0.384691,0.000000,0.504960,0.000000,0.700654,0.000000,0.525399,0.000000,0.560181,0.000000,0.807774,0.000000,0.000068,0.000000,0.000137,0.000000,0.700427,0.000000,0.000316,0.000000,0.000631,0.000000,588.38,0.80
HS-SAR-Berlin,2;3,residential area;industrial area,8,0.305417,0.000000,0.499037,0.000000,0.239007,0.000000,0.321737,0.000000,0.598206,0.000000,0.280547,0.000000,0.847223,0.000000,0.000000,0.000000,0.000000,0.000000,0.797608,0.000000,0.000000,0.000000,0.000000,0.000000,588.12,0.79
HS-SAR-Berlin,2;4,residential area;low plants,8,0.228998,0.000000,0.546490,0.000000,0.174629,0.000000,0.218072,0.000000,0.526331,0.000000,0.180718,0.000000,0.741028,0.000000,0.000000,0.000000,0.000000,0.000000,0.701775,0.000000,0.000000,0.000000,0.000000,0.000000,587.83,0.78
HS-SAR-Berlin,2;5,residential area;soil,8,0.291950,0.000000,0.453009,0.000000,0.223201,0.000000,0.314440,0.000000,0.609709,0.000000,0.274614,0.000000,0.721387,0.000000,0.060372,0.000000,0.111420,0.000000,0.647758,0.000000,0.495560,0.000000,0.561529,0.000000,588.06,0.78
HS-SAR-Berlin,2;6,residential area;allotment,8,0.318239,0.000000,0.555343,0.000000,0.253090,0.000000,0.304513,0.000000,0.552580,0.000000,0.263776,0.000000,0.774392,0.000000,0.000000,0.000000,0.000000,0.000000,0.736774,0.000000,0.000000,0.000000,0.000000,0.000000,588.03,0.81
HS-SAR-Berlin,2;7,residential area;commercial area,8,0.296535,0.000000,0.520827,0.000000,0.231643,0.000000,0.299457,0.000000,0.558931,0.000000,0.258340,0.000000,0.812772,0.000000,0.000000,0.000000,0.000000,0.000000,0.745241,0.000000,0.000000,0.000000,0.000000,0.000000,591.50,0.79
HS-SAR-Berlin,2;8,residential area;water,8,0.307966,0.000000,0.486184,0.000000,0.240948,0.000000,0.314612,0.000000,0.555757,0.000000,0.274230,0.000000,0.772027,0.000000,0.000015,0.000000,0.000031,0.000000,0.740904,0.000000,0.000316,0.000000,0.000631,0.000000,590.57,0.79
HS-SAR-Berlin,3;4,industrial area;low plants,8,0.707751,0.000000,0.394503,0.000000,0.496620,0.000000,0.650451,0.000000,0.489256,0.000000,0.493780,0.000000,0.783378,0.000000,0.000000,0.000000,0.000000,0.000000,0.652342,0.000000,0.000000,0.000000,0.000000,0.000000,588.89,0.78
HS-SAR-Berlin,3;5,industrial area;soil,8,0.764174,0.000000,0.341759,0.000000,0.577406,0.000000,0.726930,0.000000,0.577031,0.000000,0.601236,0.000000,0.749379,0.000000,0.467374,0.000000,0.575697,0.000000,0.604017,0.000000,0.496073,0.000000,0.544749,0.000000,588.82,0.78
HS-SAR-Berlin,3;6,industrial area;allotment,8,0.781183,0.000000,0.404806,0.000000,0.609729,0.000000,0.754257,0.000000,0.546883,0.000000,0.633396,0.000000,0.811673,0.000000,0.000000,0.000000,0.000000,0.000000,0.729177,0.000000,0.000000,0.000000,0.000000,0.000000,589.05,0.78
HS-SAR-Berlin,3;7,industrial area;commercial area,8,0.779153,0.000000,0.417504,0.000000,0.613504,0.000000,0.707133,0.000000,0.516769,0.000000,0.571747,0.000000,0.781818,0.000000,0.000000,0.000000,0.000000,0.000000,0.689025,0.000000,0.000000,0.000000,0.000000,0.000000,588.65,0.80
HS-SAR-Berlin,3;8,industrial area;water,8,0.790017,0.000000,0.427591,0.000000,0.628878,0.000000,0.668234,0.000000,0.500604,0.000000,0.536437,0.000000,0.708216,0.000000,0.000120,0.000000,0.000241,0.000000,0.667393,0.000000,0.000237,0.000000,0.000473,0.000000,589.08,0.78
HS-SAR-Berlin,4;5,low plants;soil,8,0.677447,0.000000,0.300263,0.000000,0.407927,0.000000,0.702199,0.000000,0.603525,0.000000,0.563780,0.000000,0.796435,0.000000,0.225577,0.000000,0.351576,0.000000,0.639201,0.000000,0.496496,0.000000,0.558883,0.000000,588.60,0.79
HS-SAR-Berlin,4;6,low plants;allotment,8,0.698912,0.000000,0.367200,0.000000,0.446249,0.000000,0.629399,0.000000,0.481653,0.000000,0.473633,0.000000,0.745919,0.000000,0.000000,0.000000,0.000000,0.000000,0.642204,0.000000,0.000000,0.000000,0.000000,0.000000,589.00,0.79
HS-SAR-Berlin,4;7,low plants;commercial area,8,0.701327,0.000000,0.410933,0.000000,0.479797,0.000000,0.652322,0.000000,0.519647,0.000000,0.497909,0.000000,0.796486,0.000000,0.000000,0.000000,0.000000,0.000000,0.692863,0.000000,0.000000,0.000000,0.000000,0.000000,588.85,0.78
HS-SAR-Berlin,4;8,low plants;water,8,0.707749,0.000000,0.416816,0.000000,0.493504,0.000000,0.676161,0.000000,0.539245,0.000000,0.533474,0.000000,0.788005,0.000000,0.000016,0.000000,0.000032,0.000000,0.718967,0.000000,0.000079,0.000000,0.000158,0.000000,589.03,0.78
HS-SAR-Berlin,5;6,soil;allotment,8,0.774126,0.000000,0.397605,0.000000,0.613861,0.000000,0.758124,0.000000,0.593061,0.000000,0.644606,0.000000,0.772103,0.000000,0.560717,0.000000,0.649647,0.000000,0.625943,0.000000,0.494412,0.000000,0.552457,0.000000,588.75,0.79
HS-SAR-Berlin,5;7,soil;commercial area,8,0.765545,0.000000,0.382987,0.000000,0.595234,0.000000,0.658260,0.000000,0.574586,0.000000,0.530950,0.000000,0.683124,0.000000,0.409657,0.000000,0.512173,0.000000,0.600575,0.000000,0.496617,0.000000,0.543671,0.000000,588.99,0.79
HS-SAR-Berlin,5;8,soil;water,8,0.780138,0.000000,0.399203,0.000000,0.625737,0.000000,0.716237,0.000000,0.589205,0.000000,0.599229,0.000000,0.716123,0.000000,0.718330,0.000000,0.717224,0.000000,0.620031,0.000000,0.496726,0.000000,0.551571,0.000000,588.94,0.78
HS-SAR-Berlin,6;7,allotment;commercial area,8,0.807089,0.000000,0.495540,0.000000,0.671515,0.000000,0.687941,0.000000,0.519159,0.000000,0.557359,0.000000,0.749434,0.000000,0.000000,0.000000,0.000000,0.000000,0.692212,0.000000,0.000000,0.000000,0.000000,0.000000,589.08,0.78
HS-SAR-Berlin,6;8,allotment;water,8,0.810480,0.000000,0.490240,0.000000,0.680036,0.000000,0.732801,0.000000,0.527937,0.000000,0.611965,0.000000,0.765719,0.000000,0.000000,0.000000,0.000000,0.000000,0.703916,0.000000,0.000000,0.000000,0.000000,0.000000,588.91,0.78
HS-SAR-Berlin,7;8,commercial area;water,8,0.778842,0.000000,0.446113,0.000000,0.617978,0.000000,0.695332,0.000000,0.524658,0.000000,0.566076,0.000000,0.745888,0.000000,0.000000,0.000000,0.000000,0.000000,0.699544,0.000000,0.000000,0.000000,0.000000,0.000000,589.06,0.78
MUUFL,1;2,trees;mostly grass,11,0.415346,0.000000,0.412615,0.000000,0.348438,0.000000,0.377088,0.000000,0.321871,0.000000,0.275718,0.000000,0.278594,0.000000,0.470753,0.000000,0.350035,0.000000,0.269876,0.000000,0.555850,0.000000,0.363342,0.000000,15.49,0.01
MUUFL,1;3,trees;mixed ground surface,11,0.389305,0.000000,0.469658,0.000000,0.338054,0.000000,0.368460,0.000000,0.316291,0.000000,0.266425,0.000000,0.415043,0.000000,0.332041,0.000000,0.368931,0.000000,0.338763,0.000000,0.215166,0.000000,0.263175,0.000000,15.47,0.01
MUUFL,1;4,trees;dirt or sand,11,0.443113,0.000000,0.439848,0.000000,0.389628,0.000000,0.373441,0.000000,0.311230,0.000000,0.271920,0.000000,0.320026,0.000000,0.434396,0.000000,0.368542,0.000000,0.279800,0.000000,0.452665,0.000000,0.345834,0.000000,15.16,0.01
MUUFL,1;5,trees;road,11,0.347714,0.000000,0.405080,0.000000,0.283893,0.000000,0.364715,0.000000,0.310344,0.000000,0.262908,0.000000,0.290812,0.000000,0.423352,0.000000,0.344783,0.000000,0.286790,0.000000,0.416335,0.000000,0.339629,0.000000,15.27,0.01
MUUFL,1;6,trees;water,11,0.459134,0.000000,0.478348,0.000000,0.404820,0.000000,0.377696,0.000000,0.310397,0.000000,0.276147,0.000000,0.340346,0.000000,0.424906,0.000000,0.377954,0.000000,0.331217,0.000000,0.216705,0.000000,0.261995,0.000000,15.43,0.01
MUUFL,1;7,trees;building shadow,11,0.429720,0.000000,0.469491,0.000000,0.375079,0.000000,0.380893,0.000000,0.323250,0.000000,0.280473,0.000000,0.310018,0.000000,0.459346,0.000000,0.370190,0.000000,0.262380,0.000000,0.597161,0.000000,0.364574,0.000000,15.47,0.01
MUUFL,1;8,trees;buildings,11,0.352243,0.000000,0.397309,0.000000,0.289683,0.000000,0.369656,0.000000,0.313487,0.000000,0.268060,0.000000,0.406265,0.000000,0.339617,0.000000,0.369963,0.000000,0.335286,0.000000,0.215392,0.000000,0.262287,0.000000,15.41,0.02
MUUFL,1;9,trees;sidewalk,11,0.453957,0.000000,0.452592,0.000000,0.399442,0.000000,0.391011,0.000000,0.350436,0.000000,0.293394,0.000000,0.382419,0.000000,0.401145,0.000000,0.391558,0.000000,0.378065,0.000000,0.226105,0.000000,0.282974,0.000000,15.57,0.02
MUUFL,1;10,trees;yellow curb,11,0.452055,0.000000,0.486731,0.000000,0.399272,0.000000,0.372833,0.000000,0.307004,0.000000,0.271322,0.000000,0.330028,0.000000,0.428109,0.000000,0.372724,0.000000,0.327287,0.000000,0.215732,0.000000,0.260051,0.000000,15.41,0.01
MUUFL,1;11,trees;cloth panels,11,0.454447,0.000000,0.460618,0.000000,0.394167,0.000000,0.381383,0.000000,0.318494,0.000000,0.281806,0.000000,0.349152,0.000000,0.422733,0.000000,0.382435,0.000000,0.341757,0.000000,0.213807,0.000000,0.263048,0.000000,15.40,0.01
MUUFL,2;3,mostly grass;mixed ground surface,11,0.710232,0.000000,0.401562,0.000000,0.591501,0.000000,0.403090,0.000000,0.327849,0.000000,0.295718,0.000000,0.439819,0.000000,0.263004,0.000000,0.329170,0.000000,0.324383,0.000000,0.343442,0.000000,0.333641,0.000000,15.44,0.01
MUUFL,2;4,mostly grass;dirt or sand,11,0.781826,0.000000,0.370142,0.000000,0.702658,0.000000,0.426877,0.000000,0.337490,0.000000,0.322717,0.000000,0.401938,0.000000,0.621589,0.000000,0.488195,0.000000,0.283632,0.000000,0.579852,0.000000,0.380932,0.000000,15.56,0.01
MUUFL,2;5,mostly grass;road,11,0.683897,0.000000,0.367200,0.000000,0.576739,0.000000,0.444329,0.000000,0.355675,0.000000,0.339258,0.000000,0.427072,0.000000,0.511626,0.000000,0.465541,0.000000,0.314149,0.000000,0.542543,0.000000,0.397901,0.000000,15.58,0.02
MUUFL,2;6,mostly grass;water,11,0.783258,0.000000,0.418189,0.000000,0.703991,0.000000,0.436073,0.000000,0.326590,0.000000,0.328137,0.000000,0.418448,0.000000,0.618275,0.000000,0.499103,0.000000,0.322982,0.000000,0.342825,0.000000,0.332608,0.000000,15.61,0.01
MUUFL,2;7,mostly grass;building shadow,11,0.777061,0.000000,0.405645,0.000000,0.696072,0.000000,0.391246,0.000000,0.309613,0.000000,0.285902,0.000000,0.346817,0.000000,0.713615,0.000000,0.466779,0.000000,0.216975,0.000000,0.726483,0.000000,0.334151,0.000000,15.60,0.01
MUUFL,2;8,mostly grass;buildings,11,0.684171,0.000000,0.355694,0.000000,0.573300,0.000000,0.411483,0.000000,0.327740,0.000000,0.304883,0.000000,0.443992,0.000000,0.277945,0.000000,0.341873,0.000000,0.324553,0.000000,0.342086,0.000000,0.333089,0.000000,15.50,0.01
MUUFL,2;9,mostly grass;sidewalk,11,0.768021,0.000000,0.410395,0.000000,0.686268,0.000000,0.429661,0.000000,0.335025,0.000000,0.324305,0.000000,0.418805,0.000000,0.521877,0.000000,0.464694,0.000000,0.330405,0.000000,0.355816,0.000000,0.342640,0.000000,15.61,0.02
MUUFL,2;10,mostly grass;yellow curb,11,0.808985,0.000000,0.451107,0.000000,0.742684,0.000000,0.441564,0.000000,0.357569,0.000000,0.339315,0.000000,0.422456,0.000000,0.652873,0.000000,0.512978,0.000000,0.361393,0.000000,0.340360,0.000000,0.350561,0.000000,15.50,0.01
MUUFL,2;11,mostly grass;cloth panels,11,0.801828,0.000000,0.440115,0.000000,0.730666,0.000000,0.475214,0.000000,0.343667,0.000000,0.368703,0.000000,0.459719,0.000000,0.643006,0.000000,0.536131,0.000000,0.344101,0.000000,0.341716,0.000000,0.342904,0.000000,15.44,0.01
MUUFL,3;4,mixed ground surface;dirt or sand,11,0.748059,0.000000,0.416998,0.000000,0.665290,0.000000,0.426641,0.000000,0.342725,0.000000,0.318274,0.000000,0.489994,0.000000,0.099383,0.000000,0.165250,0.000000,0.366214,0.000000,0.237024,0.000000,0.287785,0.000000,15.47,0.01
MUUFL,3;5,mixed ground surface;road,11,0.653600,0.000000,0.384760,0.000000,0.532861,0.000000,0.395776,0.000000,0.324841,0.000000,0.288610,0.000000,0.461962,0.000000,0.200093,0.000000,0.279238,0.000000,0.351915,0.000000,0.203007,0.000000,0.257482,0.000000,15.47,0.01
MUUFL,3;6,mixed ground surface;water,11,0.767413,0.000000,0.483167,0.000000,0.690648,0.000000,0.420543,0.000000,0.331170,0.000000,0.313843,0.000000,0.487221,0.000000,0.000000,0.000000,0.000000,0.000000,0.404763,0.000000,0.000000,0.000000,0.000000,0.000000,15.46,0.01
MUUFL,3;7,mixed ground surface;building shadow,11,0.748569,0.000000,0.419911,0.000000,0.661840,0.000000,0.431093,0.000000,0.339347,0.000000,0.322735,0.000000,0.481034,0.000000,0.186879,0.000000,0.269182,0.000000,0.329996,0.000000,0.381424,0.000000,0.353851,0.000000,15.63,0.01
MUUFL,3;8,mixed ground surface;buildings,11,0.672170,0.000000,0.407571,0.000000,0.563589,0.000000,0.416935,0.000000,0.326305,0.000000,0.307868,0.000000,0.551815,0.000000,0.000000,0.000000,0.000000,0.000000,0.398817,0.000000,0.000000,0.000000,0.000000,0.000000,15.46,0.01
MUUFL,3;9,mixed ground surface;sidewalk,11,0.777296,0.000000,0.489037,0.000000,0.704064,0.000000,0.421896,0.000000,0.335615,0.000000,0.315910,0.000000,0.497798,0.000000,0.004840,0.000000,0.009586,0.000000,0.406985,0.000000,0.014449,0.000000,0.027907,0.000000,15.57,0.01
MUUFL,3;10,mixed ground surface;yellow curb,11,0.768727,0.000000,0.466117,0.000000,0.691962,0.000000,0.423131,0.000000,0.334006,0.000000,0.316129,0.000000,0.487242,0.000000,0.000000,0.000000,0.000000,0.000000,0.408230,0.000000,0.000000,0.000000,0.000000,0.000000,15.60,0.02
MUUFL,3;11,mixed ground surface;cloth panels,11,0.767295,0.000000,0.463874,0.000000,0.688648,0.000000,0.410954,0.000000,0.320320,0.000000,0.304153,0.000000,0.474097,0.000000,0.000000,0.000000,0.000000,0.000000,0.391502,0.000000,0.000000,0.000000,0.000000,0.000000,15.55,0.01
MUUFL,4;5,dirt or sand;road,11,0.692525,0.000000,0.338741,0.000000,0.586721,0.000000,0.414856,0.000000,0.330930,0.000000,0.307732,0.000000,0.413354,0.000000,0.422830,0.000000,0.418038,0.000000,0.305066,0.000000,0.447318,0.000000,0.362744,0.000000,15.60,0.01
MUUFL,4;6,dirt or sand;water,11,0.808397,0.000000,0.434049,0.000000,0.739991,0.000000,0.448231,0.000000,0.336715,0.000000,0.341437,0.000000,0.451618,0.000000,0.372243,0.000000,0.408107,0.000000,0.359638,0.000000,0.233564,0.000000,0.283204,0.000000,15.45,0.01
MUUFL,4;7,dirt or sand;building shadow,11,0.781199,0.000000,0.382359,0.000000,0.705012,0.000000,0.419347,0.000000,0.340191,0.000000,0.315798,0.000000,0.401858,0.000000,0.633204,0.000000,0.491677,0.000000,0.278281,0.000000,0.618789,0.000000,0.383910,0.000000,15.61,0.01
MUUFL,4;8,dirt or sand;buildings,11,0.714762,0.000000,0.357291,0.000000,0.614864,0.000000,0.412699,0.000000,0.337297,0.000000,0.306830,0.000000,0.466839,0.000000,0.106500,0.000000,0.173434,0.000000,0.359965,0.000000,0.235294,0.000000,0.284574,0.000000,15.49,0.01
MUUFL,4;9,dirt or sand;sidewalk,11,0.805083,0.000000,0.435147,0.000000,0.739605,0.000000,0.450977,0.000000,0.339677,0.000000,0.345011,0.000000,0.461676,0.000000,0.282716,0.000000,0.350684,0.000000,0.359130,0.000000,0.252141,0.000000,0.296273,0.000000,15.61,0.01
MUUFL,4;10,dirt or sand;yellow curb,11,0.803553,0.000000,0.439017,0.000000,0.737159,0.000000,0.439544,0.000000,0.354149,0.000000,0.336670,0.000000,0.439834,0.000000,0.432092,0.000000,0.435929,0.000000,0.380049,0.000000,0.237601,0.000000,0.292398,0.000000,15.48,0.01
MUUFL,4;11,dirt or sand;cloth panels,11,0.792572,0.000000,0.405353,0.000000,0.719454,0.000000,0.435485,0.000000,0.341468,0.000000,0.333572,0.000000,0.436448,0.000000,0.411765,0.000000,0.423747,0.000000,0.364870,0.000000,0.236159,0.000000,0.286733,0.000000,15.64,0.02
MUUFL,5;6,road;water,11,0.724920,0.000000,0.426288,0.000000,0.633319,0.000000,0.450722,0.000000,0.351321,0.000000,0.343867,0.000000,0.462083,0.000000,0.376803,0.000000,0.415108,0.000000,0.384612,0.000000,0.201511,0.000000,0.264462,0.000000,15.48,0.01
MUUFL,5;7,road;building shadow,11,0.687172,0.000000,0.362339,0.000000,0.581586,0.000000,0.415307,0.000000,0.333296,0.000000,0.310995,0.000000,0.399266,0.000000,0.495810,0.000000,0.442332,0.000000,0.276790,0.000000,0.587572,0.000000,0.376310,0.000000,15.63,0.02
MUUFL,5;8,road;buildings,11,0.585791,0.000000,0.283081,0.000000,0.437527,0.000000,0.428700,0.000000,0.360597,0.000000,0.323731,0.000000,0.498140,0.000000,0.209772,0.000000,0.295223,0.000000,0.395670,0.000000,0.202771,0.000000,0.268131,0.000000,15.47,0.01
MUUFL,5;9,road;sidewalk,11,0.699388,0.000000,0.399918,0.000000,0.600876,0.000000,0.449898,0.000000,0.336029,0.000000,0.340600,0.000000,0.469385,0.000000,0.339768,0.000000,0.394195,0.000000,0.362655,0.000000,0.216209,0.000000,0.270908,0.000000,15.60,0.01
MUUFL,5;10,road;yellow curb,11,0.702075,0.000000,0.404120,0.000000,0.602978,0.000000,0.406424,0.000000,0.329740,0.000000,0.300900,0.000000,0.408176,0.000000,0.394483,0.000000,0.401213,0.000000,0.357991,0.000000,0.202613,0.000000,0.258770,0.000000,15.46,0.01
MUUFL,5;11,road;cloth panels,11,0.710193,0.000000,0.387982,0.000000,0.611704,0.000000,0.443662,0.000000,0.341456,0.000000,0.338023,0.000000,0.451914,0.000000,0.388225,0.000000,0.417655,0.000000,0.372467,0.000000,0.201905,0.000000,0.261861,0.000000,15.55,0.01
MUUFL,6;7,water;building shadow,11,0.800063,0.000000,0.430478,0.000000,0.728537,0.000000,0.431681,0.000000,0.328866,0.000000,0.325615,0.000000,0.420746,0.000000,0.638314,0.000000,0.507182,0.000000,0.316243,0.000000,0.385667,0.000000,0.347522,0.000000,15.61,0.02
MUUFL,6;8,water;buildings,11,0.721037,0.000000,0.401629,0.000000,0.624526,0.000000,0.427720,0.000000,0.329484,0.000000,0.319606,0.000000,0.488773,0.000000,0.000000,0.000000,0.000000,0.000000,0.402703,0.000000,0.000000,0.000000,0.000000,0.000000,15.43,0.01
MUUFL,6;9,water;sidewalk,11,0.794670,0.000000,0.471374,0.000000,0.726854,0.000000,0.487725,0.000000,0.347149,0.000000,0.379140,0.000000,0.504356,0.000000,0.021628,0.000000,0.041477,0.000000,0.421082,0.000000,0.014449,0.000000,0.027939,0.000000,15.64,0.01
MUUFL,6;10,water;yellow curb,11,0.821221,0.000000,0.477995,0.000000,0.760166,0.000000,0.445447,0.000000,0.336617,0.000000,0.341454,0.000000,0.450884,0.000000,0.000000,0.000000,0.000000,0.000000,0.411421,0.000000,0.000000,0.000000,0.000000,0.000000,15.53,0.01
MUUFL,6;11,water;cloth panels,11,0.827810,0.000000,0.485158,0.000000,0.769579,0.000000,0.433289,0.000000,0.318751,0.000000,0.328100,0.000000,0.439293,0.000000,0.000000,0.000000,0.000000,0.000000,0.389584,0.000000,0.000000,0.000000,0.000000,0.000000,15.48,0.01
MUUFL,7;8,building shadow;buildings,11,0.680916,0.000000,0.329234,0.000000,0.558312,0.000000,0.424622,0.000000,0.338675,0.000000,0.319469,0.000000,0.466203,0.000000,0.202758,0.000000,0.282607,0.000000,0.328442,0.000000,0.384724,0.000000,0.354362,0.000000,15.46,0.01
MUUFL,7;9,building shadow;sidewalk,11,0.781787,0.000000,0.403332,0.000000,0.705274,0.000000,0.409012,0.000000,0.321570,0.000000,0.303222,0.000000,0.403511,0.000000,0.485157,0.000000,0.440584,0.000000,0.304482,0.000000,0.398466,0.000000,0.345191,0.000000,15.45,0.01
MUUFL,7;10,building shadow;yellow curb,11,0.794474,0.000000,0.409785,0.000000,0.721332,0.000000,0.427308,0.000000,0.337411,0.000000,0.323312,0.000000,0.414090,0.000000,0.707934,0.000000,0.522535,0.000000,0.327316,0.000000,0.382838,0.000000,0.352907,0.000000,15.45,0.01
MUUFL,7;11,building shadow;cloth panels,11,0.802024,0.000000,0.438308,0.000000,0.731395,0.000000,0.430720,0.000000,0.339780,0.000000,0.328680,0.000000,0.419066,0.000000,0.669192,0.000000,0.515385,0.000000,0.331992,0.000000,0.374823,0.000000,0.352110,0.000000,15.61,0.01
MUUFL,8;9,buildings;sidewalk,11,0.720370,0.000000,0.404592,0.000000,0.623897,0.000000,0.412346,0.000000,0.325940,0.000000,0.306313,0.000000,0.479716,0.000000,0.005385,0.000000,0.010649,0.000000,0.395075,0.000000,0.014829,0.000000,0.028585,0.000000,15.60,0.02
MUUFL,8;10,buildings;yellow curb,11,0.700035,0.000000,0.370569,0.000000,0.593699,0.000000,0.424053,0.000000,0.335756,0.000000,0.318331,0.000000,0.481679,0.000000,0.000000,0.000000,0.000000,0.000000,0.410368,0.000000,0.000000,0.000000,0.000000,0.000000,15.46,0.01
MUUFL,8;11,buildings;cloth panels,11,0.689956,0.000000,0.340913,0.000000,0.576850,0.000000,0.407052,0.000000,0.312623,0.000000,0.300644,0.000000,0.463214,0.000000,0.000000,0.000000,0.000000,0.000000,0.382095,0.000000,0.000000,0.000000,0.000000,0.000000,15.62,0.02
MUUFL,9;10,sidewalk;yellow curb,11,0.827437,0.000000,0.489923,0.000000,0.769345,0.000000,0.438309,0.000000,0.336559,0.000000,0.332817,0.000000,0.450715,0.000000,0.025538,0.000000,0.048337,0.000000,0.408140,0.000000,0.014449,0.000000,0.027909,0.000000,15.63,0.01
MUUFL,9;11,sidewalk;cloth panels,11,0.807240,0.000000,0.464131,0.000000,0.739764,0.000000,0.404306,0.000000,0.307259,0.000000,0.300185,0.000000,0.416360,0.000000,0.024841,0.000000,0.046884,0.000000,0.372244,0.000000,0.014829,0.000000,0.028522,0.000000,15.61,0.01
MUUFL,10;11,yellow curb;cloth panels,11,0.840929,0.000000,0.508820,0.000000,0.787830,0.000000,0.421288,0.000000,0.324014,0.000000,0.317971,0.000000,0.424854,0.000000,0.000000,0.000000,0.000000,0.000000,0.396018,0.000000,0.000000,0.000000,0.000000,0.000000,15.46,0.01
